sample_id,library_name,platform_id,GEO_series_id,title,organism,age_at_diagnosis,sex,race,ethnicity,vital_status,tissue_or_organ_of_origin,primary_site,primary_diagnosis,disease_type,tissue_type,progression_or_recurrence,prior_malignancy,cell_line,cell_type,days_to_follow_up,days_to_death,gene_symbol,tobacco_smoking_status,prior_treatment,treatment_type,treatment_outcome,cancer_stage,instrument_model,library_strategy,molecular_analysis_method
GSM4981413,GSM4981413,GPL18573,['GSE163547'],B4-Rep2-Kutluay_H522-MOI0-015-72hpi,Homo sapiens,Unknown,Unknown,Unknown,Unknown,Unknown,"Lung, NOS",Bronchus and lung,Unknown,Unknown,Tumor,Unknown,Unknown,H522,Unknown,Unknown,Unknown,Unknown,Unknown,Yes,Other,Unknown,Unknown,Illumina NextSeq 500,RNA-Seq,RNA Sequencing
GSM990246,GSM990246,GPL15974,['GSE40275'],SCLC_4_20111129,Homo sapiens,68,male,Unknown,Unknown,Unknown,"Lung, NOS",Bronchus and lung,"Small cell carcinoma, NOS",Neuroepitheliomatous Neoplasms,Tumor,Unknown,Unknown,NA,NA,Unknown,Unknown,Unknown,Unknown,Unknown,Unknown,Unknown,"['Stage IIIA', 'pT1pN2pMX']",Microarray,Microarray,Microarray
GSM8339783,GSM8339783,GPL28038,['GSE270333'],A549 + LKB1 Low methionine no Carboplatin,Homo sapiens,Unknown,Unknown,Unknown,Unknown,Unknown,"Lung, NOS",Bronchus and lung,"Adenocarcinoma, NOS",Adenomas and Adenocarcinomas,Tumor,Unknown,Unknown,A549,lung adenocarcinoma,Unknown,Unknown,"KRAS,LKB1",Unknown,Yes,Other,Unknown,Unknown,Other,RNA-Seq,RNA Sequencing
GSM4386241,GSM4386241,GPL20115,"['GSE146460', 'GSE146461']",151483C_T-3,Homo sapiens,58,male,Unknown,Unknown,Unknown,Bone marrow,Hematopoietic and reticuloendothelial systems,"Adenocarcinoma, NOS",Adenomas and Adenocarcinomas,Tumor,Unknown,Unknown,NA,bone marrow cells (BM),Unknown,Unknown,Unknown,Unknown,Unknown,Unknown,Unknown,Stage IV,Microarray,Microarray,Microarray
GSM6607454,GSM6607454,GPL18573,['GSE214505'],shAKR1B1#09 Fructose_2,Homo sapiens,Unknown,Unknown,Unknown,Unknown,Unknown,"Lung, NOS",Bronchus and lung,Non-small cell carcinoma,"Neoplasms, NOS",Tumor,Unknown,Unknown,A549,NSCLC cell line,Unknown,Unknown,AKR1B1,Unknown,yes,Other,Unknown,Unknown,Illumina NextSeq 500,RNA-Seq,RNA Sequencing
GSM4909696,GSM4909696,GPL18573,['GSE161537'],Targeted RNA of NSCLC patient number 122,Homo sapiens,60,male,Unknown,Unknown,Dead,"Lung, NOS",Bronchus and lung,"Squamous cell carcinoma, NOS",Squamous Cell Neoplasms,Tumor,Unknown,Unknown,NA,NA,1.033333333 months,1.033333333 months,Unknown,Unknown,Yes,Immunotherapy (Including Vaccines),Unknown,Stage IV,Illumina NextSeq 500,RNA-Seq,RNA Sequencing
GSM5914946,GSM5914946,GPL24676,['GSE197346'],P2-42-31-E7,Homo sapiens,63,male,Unknown,Unknown,Unknown,"Lung, NOS",Bronchus and lung,"Adenocarcinoma, NOS",Adenomas and Adenocarcinomas,Tumor,Unknown,Unknown,NA,NA,Unknown,Unknown,Unknown,Current Smoker,Unknown,Unknown,Unknown,"['pT1bN0M0', 'Stage Ia2']",Illumina NovaSeq 6000,RNA-Seq,RNA Sequencing
GSM2088547,GSM2088547,GPL17077,['GSE79235'],H1792 trametinib-treated #1,Homo sapiens,Unknown,Unknown,Unknown,Unknown,Unknown,"Lung, NOS",Bronchus and lung,"Adenocarcinoma, NOS",Adenomas and Adenocarcinomas,Tumor,Unknown,Unknown,H1792,Human lung cancer cell line,Unknown,Unknown,Unknown,Unknown,Yes,Targeted Molecular Therapy,Unknown,Unknown,Microarray,Microarray,Microarray
GSM442125,GSM442125,GPL9053,['GSE17710'],tumor  56,Homo sapiens,63,male,Unknown,Unknown,Dead,"Lung, NOS",Bronchus and lung,"Squamous cell carcinoma, NOS",Squamous Cell Neoplasms,Tumor,yes,Unknown,NA,NA,20.43531828 months,21.02669405 months,Unknown,Current Smoker,Unknown,Unknown,Unknown,Stage IIb,Microarray,Microarray,Microarray
GSM745657,GSM745657,GPL9365,['GSE30118'],Tumor tissue 3 sl20,Homo sapiens,70,male,Unknown,Unknown,Unknown,"Lung, NOS",Bronchus and lung,"Squamous cell carcinoma, NOS",Squamous Cell Neoplasms,Tumor,Unknown,Unknown,NA,NA,Unknown,Unknown,Unknown,Current Smoker,Unknown,Unknown,Unknown,Unknown,Microarray,Microarray,Microarray
GSM1558116,GSM1558116,GPL19486,"['GSE63819', 'GSE63977']",H647_miRNA,Homo sapiens,56,male,Unknown,Unknown,Unknown,"Lung, NOS",Bronchus and lung,"Adenocarcinoma, NOS",Adenomas and Adenocarcinomas,Tumor,Unknown,Unknown,H647,Lung cancer cell line,Unknown,Unknown,Unknown,Unknown,Unknown,Unknown,Unknown,Unknown,Microarray,Microarray,Microarray
GSM5225242,GSM5225242,GPL20301,['GSE171415'],Y591140,Homo sapiens,Unknown,Unknown,Unknown,Unknown,Unknown,"Lung, NOS",Bronchus and lung,Non-small cell carcinoma,"Neoplasms, NOS",Tumor,Unknown,Unknown,NA,NA,Unknown,Unknown,Unknown,Unknown,Unknown,Unknown,Unknown,Unknown,Illumina HiSeq 4000,RNA-Seq,RNA Sequencing
GSM4429476,GSM4429476,GPL13534,['GSE147377'],EXP_141: genomic DNA from lung adenocarcinoma 65,Homo sapiens,58,female,Unknown,Unknown,Unknown,"Lung, NOS",Bronchus and lung,"Adenocarcinoma, NOS",Adenomas and Adenocarcinomas,Tumor,Unknown,Unknown,NA,NA,Unknown,Unknown,EGFR:L858R,Lifelong Non-Smoker,Unknown,Unknown,Partial Response,Stage VII,Microarray,Microarray,Microarray
GSM1145175,GSM1145175,GPL14951,['GSE47115'],"NSCLC tumor, biological rep 33",Homo sapiens,72,female,Unknown,Unknown,Dead,"Lung, NOS",Bronchus and lung,Non-small cell carcinoma,"Neoplasms, NOS",Tumor,Unknown,Unknown,NA,NA,Unknown,42.05338809 months,Unknown,Current Reformed Smoker for < or = 15 yrs,Yes,Chemotherapy,Unknown,"['pT2a', 'Stage IB']",Microarray,Microarray,Microarray
GSM6928120,GSM6928120,GPL16791,['GSE222640'],"A549 cells,shikonin2",Homo sapiens,Unknown,Unknown,Unknown,Unknown,Unknown,"Lung, NOS",Bronchus and lung,"Carcinoma, NOS","Neoplasms, NOS",Tumor,Unknown,Unknown,A549,lung carcinoma cell,Unknown,Unknown,Unknown,Unknown,Yes,"Pharmaceutical Therapy, NOS",Unknown,Unknown,Illumina HiSeq 2500,RNA-Seq,RNA Sequencing
GSM8140936,GSM8140936,GPL30173,['GSE261345'],Patient CAN044 ROI  002,Homo sapiens,84,male,Unknown,Unknown,Dead,"Lung, NOS",Bronchus and lung,"Small cell carcinoma, NOS",Neuroepitheliomatous Neoplasms,Tumor,yes,Unknown,NA,NA,299 days,299 days,Unknown,"Current Reformed Smoker, Duration Not Specified",Yes,"['Chemotherapy', 'Immunotherapy (Including Vaccines)']",Complete Response,Unknown,NextSeq 2000,Other,"Sequencing, NOS"
GSM6134662,GSM6134662,GPL24676,"['GSE202857', 'GSE202864']",PC9-OR cells untreated SMARCA4 #1 shRNA rep 1 (ATAC-seq),Homo sapiens,Unknown,Unknown,Unknown,Unknown,Unknown,"Lung, NOS",Bronchus and lung,"Adenocarcinoma, NOS",Adenomas and Adenocarcinomas,Tumor,Unknown,Unknown,PC9,lung adenocarcinoma cells,Unknown,Unknown,['SMARCA4:KD'],Unknown,Unknown,Unknown,Unknown,Unknown,Illumina NovaSeq 6000,ATAC-seq,"Sequencing, NOS"
GSM308238,GSM308238,GPL7096,['GSE12280'],T13(aCGH),Homo sapiens,51,male,Unknown,Unknown,Alive,"Lung, NOS",Bronchus and lung,"Squamous cell carcinoma, NOS",Squamous Cell Neoplasms,Tumor,no,Unknown,NA,NA,106 months,Unknown,Unknown,Current Smoker,Yes,Surgery,Unknown,"['Stage IB', 'pT2N0M0']",Microarray,Microarray,Comparative Genomic Hybridization
GSM7708781,GSM7708781,GPL33669,"['GSE240758', 'GSE240759']",Adenocarcinoma Sample 4,Homo sapiens,65,female,black or african american,Unknown,Unknown,Blood,Hematopoietic and reticuloendothelial systems,"Adenocarcinoma, NOS",Adenomas and Adenocarcinomas,Normal,Unknown,Unknown,NA,NA,Unknown,Unknown,Unknown,Unknown,Unknown,Unknown,Unknown,Stage II,Other,Other,Other
GSM1546559,GSM1546559,GPL11154,['GSE63356'],PC9R_H3K4me2,Homo sapiens,Unknown,Unknown,Unknown,Unknown,Unknown,"Lung, NOS",Bronchus and lung,Non-small cell carcinoma,"Neoplasms, NOS",Tumor,Unknown,Unknown,PC9R,lung cancer cell,Unknown,Unknown,Unknown,Unknown,Yes,Targeted Molecular Therapy,Unknown,Unknown,Illumina HiSeq 2000,ChIP-Seq,"Sequencing, NOS"
